Word,German explanation,English translation,Example sentence
umfassend,"Das Adjektiv ""umfassend"" beschreibt etwas, das komplett oder sehr ausführlich ist, viele Aspekte einschließt oder berücksichtigt.",comprehensive,Die Studie liefert eine umfassende Analyse der wirtschaftlichen Lage.
ausführlich,"Etwas, das in allen Einzelheiten genau und umfassend beschrieben oder berichtet wird.",Detailed; thorough,Der Bericht war sehr ausführlich und ließ keine Fragen offen.
umfangreich,"Der Ausdruck ""umfangreich"" beschreibt etwas, das eine große Menge oder viele Teile umfasst und somit sehr ausführlich oder ausgedehnt ist.",extensive,Die Bibliothek hat eine umfangreiche Sammlung von historischen Büchern.
ganzheitlich,"Etwas, das alle Teile und Aspekte einbezieht, um ein umfassendes Gesamtbild zu schaffen.",holistic,Die ganzheitliche Medizin betrachtet den Körper und den Geist als eine Einheit.
ehrgeizig,"Eine Person, die hohe Ziele hat und viel Einsatz zeigt, um diese zu erreichen.",Ambitious,Maria ist sehr ehrgeizig und möchte die beste Schülerin in ihrer Klasse werden.
augenscheinlich,"Etwas, das offensichtlich oder klar erkennbar ist.",Apparently or obviously.,"Es war augenscheinlich, dass er nicht die Wahrheit sagte."
misslich,"Misslich steht für eine schwierige oder unangenehme Situation, die problematisch oder peinlich sein kann.","awkward, unfortunate, tricky",Die missliche Lage hat uns viel Kopfzerbrechen bereitet.
verlockend,"Etwas, das anziehend oder attraktiv wirkt und Interesse oder Wunsch weckt.","tempting, enticing","Das Angebot sah sehr verlockend aus, also habe ich zugestimmt."
anziehend,"Anziehend beschreibt etwas, das attraktiv oder reizvoll wirkt und das Interesse oder die Aufmerksamkeit auf sich zieht.",attractive,Die anziehende Landschaft ließ uns den ganzen Tag wandern.
regelmäßig,Wiederholt in bestimmten Abständen.,regularly,Ich gehe regelmäßig joggen.
erhältlich,Kann gekauft oder gefunden werden.,available,Das Buch ist ab morgen erhältlich.
vorrätig,Im Lager oder Vorrat vorhanden.,in stock,Diese Schuhe sind noch vorrätig.
verfügbar,Zur Verfügung stehend.,available,Der Mitarbeiter ist derzeit nicht verfügbar.
ständig,Ohne Unterbrechung oder häufig.,constantly,Er ist ständig am Arbeiten.
möglich,"Etwas, das geschehen kann.",possible,Alles ist möglich.
fertig,Abgeschlossen oder bereit.,finished,Das Projekt ist fertig.
erforderlich,Notwendig oder verpflichtend.,necessary,Eine Anmeldung ist erforderlich.
sorgfältig,Mit großer Genauigkeit.,careful,Sie hat die Aufgabe sorgfältig erledigt.
abwechslungsreich,Mit viel Vielfalt.,varied,Das Programm ist sehr abwechslungsreich.
Ausgang,"Ein Ausgang ist der Ort oder Weg, durch den man ein Gebäude oder Gebiet verlässt.",exit,Bitte benutze im Notfall den Ausgang auf der linken Seite.
erschwinglich,"Etwas, das nicht zu teuer und für die meisten Menschen bezahlbar ist.",affordable,Die Preise in diesem Restaurant sind sehr erschwinglich.
salopp,"Salopp bezeichnet einen ungezwungenen, lässigen oder informellen Stil oder Ausdrucksweise. Es wird oft verwendet, um eine weniger formelle Art des Verhaltens oder der Kleidung zu beschreiben.",casual,Er trug zur Party eine salopp sitzende Jeans und ein T-Shirt.
naheliegend,"Etwas, das offensichtlich oder leicht verständlich ist. Es beschreibt oft eine Idee oder Lösung, die sofort ins Auge fällt.","obvious, evident, or logical","Es ist naheliegend, dass wir bei diesem schönen Wetter draußen spazieren gehen sollten."
auffällig,"Etwas ist auffällig, wenn es stark ins Auge fällt oder Aufmerksamkeit erregt.","conspicuous, noticeable",Das rote Auto ist im dichten Verkehr besonders auffällig.
voraussagbar,"Etwas, das vorhergesehen oder erwartet werden kann. Es ist in der Regel vorhersehbar, wie es sich entwickeln wird.",predictable,Das Wetter in dieser Region ist oft voraussagbar.
berechenbar,"Etwas, das vorhersehbar oder kalkulierbar ist, sodass man es genau bestimmen oder planen kann.",predictable; calculable.,Seine Reaktionen sind immer sehr berechenbar.
aufgesetzt,"Etwas aufgesetzt bedeutet, dass es künstlich oder unnatürlich wirkt. Oft wird es benutzt, um ein unaufrichtiges Verhalten oder einen emotionalen Ausdruck zu beschreiben.","artificial, forced, or contrived",Sein Lächeln wirkte aufgesetzt und überzeugte niemanden.
aufrichtig,"Aufrichtig bedeutet ehrlich und ohne Täuschung oder Hintergedanken zu sein. Es beschreibt eine Person, die offen und wahrhaftig ist.","sincere, honest","Er war immer aufrichtig zu seinen Freunden, egal wie schwierig die Wahrheit war."
bescheiden,"Bescheiden beschreibt eine Person, die Anspruchslosigkeit zeigt und nicht angeben möchte.",modest,Trotz seines Erfolgs ist er immer bescheiden geblieben.
ausgewogen,"Etwas ist ausgewogen, wenn es im richtigen Verhältnis oder in Harmonie steht und alle relevanten Teile oder Aspekte berücksichtigt.",balanced,Eine ausgewogene Ernährung ist wichtig für die Gesundheit.
ausgeglichen,Etwas ist harmonisch und in Balance; eine ruhige und stabile Persönlichkeit.,"balanced, even-tempered",Anna ist sehr ausgeglichen und lässt sich nicht leicht aus der Ruhe bringen.
verletzlich,"Etwas oder jemand, der leicht beschädigt oder verletzt werden kann.",vulnerable,"Kinder sind besonders verletzlich, wenn sie krank sind."
gesellig,"Gesellig beschreibt eine Person oder Situation, die freundlich, kontaktfreudig und kommunikativ ist. Es bezieht sich oft auf sozial angenehme Zusammenkünfte.",sociable,Auf der Party war die Stimmung sehr gesellig und alle haben sich gut unterhalten.
beeinträchtigt,"Beschreibt einen Zustand, bei dem etwas in seiner Funktion oder Wirkung gemindert oder gestört ist.","impaired, affected, diminished",Die Sicht war durch den dichten Nebel stark beeinträchtigt.
letztlich,"Letztlich bedeutet am Ende oder schließlich, um einen abschließenden Punkt oder eine endgültige Entscheidung anzuzeigen.",Ultimately,"Letztlich hat sie sich entschieden, das Angebot anzunehmen."
ungewiss,"Etwas, das unklar, nicht bestimmt oder unsicher ist. Es ist weder festgelegt noch vorhersehbar.",uncertain,Die Zukunft ist ungewiss und voller Möglichkeiten.
umstritten,"Ein Thema oder eine Angelegenheit, über das es verschiedene Meinungen oder Ansichten gibt und das oft zu Diskussionen oder Debatten führt.",controversial,Das neue Gesetz ist umstritten und wird heftig in den Medien diskutiert.
brummig,"Brummig bedeutet schlecht gelaunt oder mürrisch, oft ohne erkennbaren Grund.",grumpy,Heute Morgen war der Lehrer besonders brummig und schimpfte viel.
tapfer,"Mutig und entschlossen, ohne Furcht vor Gefahren oder Herausforderungen.",brave,Der tapfere Feuerwehrmann rettete das Kind aus dem brennenden Haus.
beliebig,"Etwas, das ohne bestimmte Vorgaben oder Auswahl geschehen kann; nach freier Wahl.",Any; arbitrary; at will.,Du kannst ein beliebiges Buch aus dem Regal nehmen.
unumgänglich,"Etwas, das unbedingt notwendig ist und nicht vermieden werden kann.","indispensable, unavoidable",Für den Erfolg des Projekts ist die enge Zusammenarbeit im Team unumgänglich.
ausgiebig,Etwas ist in reichlichem Maße vorhanden oder etwas wird sehr umfassend und gründlich ausgeführt.,Extensive or thorough.,Nach dem ausgiebigen Frühstück fühlte ich mich für den ganzen Tag gestärkt.
zielstrebig,"Eine zielstrebige Person verfolgt konsequent ihre Ziele und arbeitet zielgerichtet daran, diese zu erreichen.",Determined or goal-oriented.,"Maria ist sehr zielstrebig und bleibt immer fokussiert, um ihre Träume zu verwirklichen."
